work,separation,partner,marriage,children,gender,generation
19,19,20,21,29,1,6
22,28,,,,1,6
,,,,,0,0
14,17,,18,23,1,3
18,17,35,21,22,0,5
19,37,,20,21,1,2
19,21,,21,21,1,2
17,18,20,,31,0,5
21,20,,22,23,1,2
18,25,25,25,17,1,3
22,32,,33,37,0,4
,,,,,0,0
,,,,,1,0
21,,,,,1,4
,,,,,1,0
18,,,23,,1,3
16,16,,18,28,0,5
19,26,,26,26,0,4
23,25,,23,24,0,5
19,,,23,24,1,3
23,19,19,19,20,1,6
18,,,,19,1,6
23,,,22,23,0,4
,,,,,1,0
,,21,21,23,1,6
23,23,23,23,23,0,6
22,,,,,0,6
16,,19,19,20,0,3
20,27,25,25,27,0,4
16,23,,21,21,1,2
18,20,,,,0,0
23,19,,19,23,1,2
24,34,27,23,,1,4
22,16,,22,23,1,3
18,20,,20,20,1,5
18,18,19,22,20,0,2
16,21,,21,22,1,0
18,18,,26,27,1,5
20,26,,24,28,0,4
20,20,25,,,1,0
14,27,,24,26,0,2
,,,,,0,0
,,,,,0,0
16,16,,23,24,0,1
19,23,,23,24,0,3
16,,,,,1,0
18,20,,24,25,0,2
14,,,24,,0,6
,,,,,0,0
17,20,32,,34,0,2
22,23,23,24,24,1,3
27,23,,25,25,1,6
14,14,,18,18,1,2
23,,19,21,22,1,1
17,,24,26,,1,6
23,25,,27,27,0,2
20,16,16,16,17,0,5
,,,31,32,1,1
16,28,25,25,,1,2
16,29,,29,30,0,3
,,,30,33,1,2
21,19,18,18,19,1,5
19,24,,24,25,1,1
18,30,,26,27,1,2
21,,,25,32,1,2
19,,,19,19,0,5
16,28,,28,28,1,1
,16,20,20,22,1,3
20,20,24,25,26,1,4
20,,,,,0,0
29,,,38,38,0,1
15,28,45,49,27,0,4
18,18,,23,26,1,2
21,30,,26,27,0,5
16,16,,25,27,0,2
17,,,,,1,5
22,18,,,,1,1
18,24,,23,23,1,3
21,21,,,,0,6
,27,,27,27,1,1
16,,,25,28,1,3
23,,,,,0,0
18,24,,24,25,1,2
19,,,24,24,1,6
23,23,,19,20,1,6
18,33,,27,30,0,4
20,22,,22,23,1,0
,,,,,1,0
21,17,,29,30,1,4
,,,,,0,0
18,,,21,,1,2
18,,,,,1,0
19,,32,20,22,1,6
22,,,19,21,1,5
25,18,29,,,0,5
18,22,22,,,1,6
19,18,,25,,0,5
24,19,,20,21,0,4
,,,,,0,0
,20,,20,,1,6
20,18,,20,21,0,4
23,17,,25,28,1,2
20,,,22,,1,3
20,19,,21,,0,5
,27,,31,32,1,2
21,,,,,1,0
22,34,23,23,24,1,6
20,20,,22,,0,5
22,19,,22,26,1,3
21,,32,35,33,0,5
,,,20,21,1,6
24,24,,,,0,5
22,,,22,,0,1
20,24,,24,,0,0
24,25,18,18,,1,6
13,22,,22,28,1,2
19,19,,21,22,0,6
16,20,,22,23,0,4
19,20,20,24,25,0,5
17,,,29,19,1,5
20,,,22,23,1,6
19,19,,,22,1,2
17,,,21,22,1,6
21,21,38,,,0,5
19,19,23,,,0,6
,,,28,29,0,5
,32,,,,1,6
24,24,,,,1,1
22,,,,,0,5
20,,,17,18,1,5
17,,,20,,1,2
,,,,,0,0
,,,,,1,6
20,20,,18,19,0,5
,,,,,0,0
27,27,,28,29,0,5
,,,,,1,0
20,20,,23,24,0,4
20,20,,22,24,0,2
,17,,17,21,1,6
20,20,,21,22,0,5
24,25,,25,26,1,3
22,,,22,23,1,2
23,23,,19,19,1,5
18,,,22,23,1,3
23,,,,,1,4
18,30,,23,23,1,5
22,23,,23,24,0,4
,,,,,1,0
,,,,,0,0
,16,,26,27,0,2
18,17,,24,26,0,3
14,14,,21,,1,2
21,30,,30,32,1,4
21,24,,24,25,0,5
18,36,19,20,21,1,4
17,17,22,27,,1,4
,18,19,,,0,0
19,19,19,21,21,1,0
18,18,19,21,21,1,5
32,32,35,36,,0,4
18,20,,20,21,1,4
18,17,19,,,0,6
19,20,20,,23,1,6
16,19,,19,,1,3
,,,,,1,0
31,33,52,,24,1,3
,,,23,24,1,5
17,26,,26,27,0,1
21,21,33,31,36,1,1
21,25,,33,19,1,4
,,25,25,27,1,2
,,,,,0,0
18,34,28,30,33,0,6
20,17,18,,,1,6
16,18,,21,25,1,5
18,,,,,1,0
19,19,,27,30,1,2
21,,,21,23,1,5
,,,17,17,1,6
20,22,,22,17,0,6
20,21,21,23,25,1,5
23,25,,23,32,1,2
19,24,24,24,26,1,5
17,16,20,,30,1,5
17,24,,25,26,0,6
17,15,15,,,1,0
20,19,,26,27,0,4
22,23,23,25,26,0,6
14,14,,17,17,1,2
26,,,34,30,0,6
19,,23,23,24,0,0
,,,25,27,1,2
,,,46,48,1,2
,,,21,22,1,0
17,,,,23,0,6
,,,22,30,0,4
16,,22,23,24,0,6
24,28,28,30,32,0,6
17,20,,19,20,1,5
15,20,,20,22,1,6
13,14,,33,37,0,2
17,23,,23,,1,4
14,21,,21,22,1,2
16,,16,19,19,1,6
17,17,17,,18,1,0
20,19,,22,23,1,2
19,18,18,18,21,1,5
51,17,,26,28,0,1
17,21,,24,25,0,6
16,18,18,,27,1,6
19,,,,,1,0
19,19,19,22,22,1,6
17,17,,22,23,1,4
20,16,36,16,17,1,5
16,19,,21,22,1,3
25,18,,,,0,6
20,18,30,,,1,5
21,21,22,23,,0,6
18,23,,19,21,1,4
19,,,,25,1,2
19,17,19,19,20,0,6
16,,,18,18,1,0
20,,,,,1,0
,,,19,20,1,2
,,,21,22,1,1
,22,,23,27,1,3
23,18,,26,28,1,4
20,,,,,1,6
21,21,,18,19,1,6
,18,,24,26,1,2
20,,21,26,24,0,5
19,17,19,,,0,0
20,,,,,1,6
17,30,16,16,19,1,6
18,18,20,25,22,1,6
28,23,23,23,25,1,6
18,21,21,22,22,0,5
17,20,,26,28,0,4
22,20,,20,21,1,4
18,18,,,,1,2
15,15,23,23,23,0,6
22,24,,25,26,0,5
,20,,24,25,0,4
20,20,,20,21,1,6
21,,,,,1,0
17,20,20,,22,1,0
17,19,19,19,19,1,3
20,,,24,,0,3
22,17,18,18,19,1,6
19,19,27,26,27,1,4
,17,,18,20,1,5
18,25,,25,25,1,4
22,25,,25,20,0,5
15,20,27,,,0,6
,15,19,20,21,1,5
16,18,,20,23,1,4
20,18,23,24,26,1,5
17,,,,,0,0
15,,15,,18,1,0
16,15,,27,22,0,2
,19,19,,,1,0
12,20,,25,27,0,1
20,31,,21,22,1,6
19,27,,24,26,1,2
17,20,,20,21,1,2
16,18,,24,25,0,3
16,24,,26,29,0,3
21,20,,34,34,0,1
21,24,,,,1,6
24,26,,26,,0,6
29,33,,33,,1,6
20,20,,20,21,1,6
18,22,22,22,22,1,4
,,33,34,,0,6
21,16,,24,28,1,2
18,,,,,0,5
17,,,20,21,1,5
22,,25,29,30,1,4
18,,,,,1,0
,,,,,0,2
,,,18,25,0,5
,,,,,1,4
18,20,20,21,22,0,6
15,,,18,19,1,2
,,,,,0,0
,,,23,24,0,5
,18,,,,1,6
,15,48,24,26,0,4
18,19,19,,,1,0
22,22,,,,1,0
,16,22,,,1,0
18,17,22,,,0,0
,,26,29,30,0,4
20,,,,,1,6
17,,,,,0,0
,,,,,0,0
18,,,18,19,1,3
,,,,,0,0
,,23,23,25,0,4
23,,25,28,30,1,3
16,29,,23,24,1,4
23,16,,23,23,1,3
18,16,,28,29,1,2
,,,,,0,0
17,17,,25,26,0,1
28,28,37,37,37,1,5
26,26,,,,0,5
22,20,22,22,,1,0
18,,,,21,1,0
18,18,,23,26,1,1
18,18,,19,21,1,2
,,,,,1,0
18,20,,20,21,1,6
23,23,,26,27,1,1
18,,,,,0,0
24,44,,32,33,1,2
20,21,,22,22,0,4
22,29,,21,22,1,4
,,,,,1,0
17,,30,,,0,5
20,20,,24,28,1,2
23,23,,21,26,0,5
17,21,,21,22,1,5
18,,,,,0,0
15,,,,,0,0
22,29,,29,30,1,5
14,14,,28,29,0,2
19,22,24,23,25,1,4
,17,,,,1,0
,19,,,,1,0
20,20,,20,23,0,5
17,17,26,27,27,1,3
,37,,23,24,0,4
,20,,21,21,0,6
15,28,,22,26,1,1
17,25,19,19,20,1,5
18,33,,33,36,0,5
22,,,,,0,6
19,18,,31,23,0,5
21,17,,23,24,0,0
20,19,,19,19,1,6
18,15,20,20,21,1,4
19,28,,25,27,0,6
20,20,,18,19,1,4
17,22,,37,38,0,2
17,25,,35,26,1,3
16,23,,24,25,1,2
18,27,,23,24,0,3
15,,,,,0,0
13,18,20,26,20,1,2
21,21,,24,26,0,3
18,18,,19,19,1,3
15,17,21,21,21,0,0
19,19,,25,25,1,3
22,,,,,1,0
21,,,,26,1,4
19,,,,21,1,6
17,20,,20,24,1,3
16,24,,22,22,1,4
20,27,,27,29,1,3
,22,24,42,21,1,3
,25,,25,27,0,3
17,18,18,25,26,0,5
21,,,27,28,0,5
,,,,,1,0
19,21,,21,22,1,2
20,,,,24,1,5
22,,,,,1,0
20,14,,,,0,0
19,18,,20,21,0,0
,,,,,1,0
17,29,29,23,23,0,3
17,24,,23,24,1,2
14,22,,22,23,0,3
19,19,24,24,25,0,6
22,,,,,0,0
,18,,21,21,1,3
23,24,24,24,25,1,3
,16,20,,,1,4
,,,19,20,1,2
,,,,,0,0
20,16,,,26,0,3
16,18,,18,20,0,2
,,24,25,28,1,6
,,,,,0,4
23,18,,22,24,1,3
,,,24,24,1,5
,,,19,21,1,4
,19,,,,1,0
,,21,21,22,1,5
,35,20,23,23,1,6
,,19,20,22,1,5
17,21,,,,1,0
,,,,,0,0
,,,21,22,1,4
17,17,,,,1,0
18,19,17,19,20,0,0
,23,,23,25,0,3
,,,,,0,0
16,17,,,,1,0
13,,,,,1,0
20,,,25,27,0,5
14,17,,22,22,1,5
15,,,20,22,1,5
21,,,,,0,0
16,16,,23,28,1,4
17,18,,22,23,0,5
14,14,,25,26,0,5
15,,,,,1,5
18,,,,,1,4
17,30,,,28,1,3
19,24,,24,25,1,1
16,12,,26,30,1,2
18,18,,22,24,1,4
22,19,22,22,23,0,4
16,15,23,23,,0,3
18,23,,23,22,0,0
15,23,,23,27,1,3
13,23,23,24,25,1,6
29,29,29,29,29,1,5
19,22,,24,26,0,4
20,17,18,19,19,0,6
19,24,,19,16,0,3
,,,,,1,0
18,,,22,23,0,4
20,25,25,28,29,1,5
16,20,23,25,26,0,3
17,,,21,21,1,3
24,19,20,,,0,0
19,17,,21,22,1,4
18,21,22,22,23,1,2
,26,,19,19,1,6
,,,,,0,0
16,,19,21,23,0,3
19,17,17,19,24,1,3
18,,,22,24,0,6
18,,,,,1,0
,22,,20,22,0,2
18,22,,22,23,0,4
23,16,32,32,33,0,3
,,,,,0,0
,18,,28,30,1,4
16,19,19,,20,1,0
23,,,,,1,0
17,15,,35,,1,4
17,,18,19,19,0,6
17,17,17,17,17,1,6
18,,,,,0,0
18,15,,21,22,0,4
17,19,30,24,26,0,4
21,,,24,25,1,4
16,16,19,20,20,1,5
18,16,,22,24,1,3
22,,24,25,25,1,0
17,26,20,20,21,0,3
18,17,27,27,,1,3
18,23,22,24,24,0,5
,12,,,25,1,2
15,,,28,30,0,3
23,18,25,24,25,1,2
,,,,,0,6
15,,17,,,0,5
22,25,25,27,28,1,6
,,,22,27,1,4
,,,,,1,0
16,20,,19,22,1,3
,,,,,0,0
15,,23,22,,0,3
14,,16,18,24,1,2
21,21,22,22,,0,0
21,17,,,25,1,6
17,21,26,26,28,1,5
,21,21,24,24,1,6
20,,20,18,,1,5
20,13,20,25,,0,3
19,21,21,22,22,1,5
22,21,21,21,,1,6
16,18,,23,24,0,1
19,19,,21,23,1,2
,28,,27,29,1,4
20,17,23,23,25,1,3
21,,,,,1,6
17,17,,20,22,0,5
20,20,,20,21,1,5
19,,,,,1,0
19,18,18,22,22,1,6
21,17,,,,0,0
19,18,,,,1,0
22,,,23,26,0,4
21,21,,28,29,1,1
,,,,,1,0
22,17,,25,27,0,4
17,18,,24,24,0,4
18,19,,19,20,1,5
21,24,,19,20,1,0
,16,16,17,18,1,0
23,19,,24,24,0,5
20,19,,22,23,1,6
17,,,,,0,0
17,17,,21,22,1,4
18,27,,25,31,0,3
19,20,,,,0,0
11,18,,21,,1,2
19,17,,21,23,1,6
15,18,18,19,19,1,0
18,25,,24,25,0,5
18,18,,21,22,1,6
20,17,,,,1,0
19,15,,21,22,1,5
18,25,55,25,28,1,2
21,18,,18,,1,6
19,21,,20,22,1,1
21,21,21,21,21,1,5
,,,,,1,0
22,19,22,,,0,0
,,,,,1,0
20,18,21,,23,0,6
,,,,26,0,4
24,20,,19,19,1,6
19,25,22,,23,1,6
17,21,23,23,19,1,5
,20,,22,25,1,1
,19,32,32,,1,5
20,20,,29,30,1,1
18,26,,26,27,0,6
22,22,22,27,28,0,4
18,20,,20,21,0,3
22,22,,23,23,1,2
17,17,,19,20,1,4
16,20,,21,22,1,3
22,18,22,22,,0,3
16,16,21,,21,0,0
17,23,,23,25,1,3
16,18,,24,26,1,2
,23,,23,26,1,1
40,30,,30,31,0,4
17,15,,23,24,0,4
16,20,24,24,,0,6
19,19,20,20,21,1,4
26,20,20,20,20,1,2
,27,40,,,0,1
23,20,29,,23,0,6
,18,21,20,20,1,5
25,25,,24,27,1,3
21,15,,21,22,0,6
,20,20,20,20,1,6
,,,32,34,0,4
,16,,21,22,1,5
18,17,,23,24,0,4
,,,20,21,0,3
18,24,,23,32,0,5
15,19,,,,0,6
22,19,30,23,17,1,6
,17,,,,0,0
,18,,18,19,1,3
21,23,23,,,0,0
19,,,,,0,0
,18,,,,1,0
,,,,,1,0
,20,,,,0,0
20,39,,23,24,1,4
19,19,,,21,0,6
22,,,,,0,0
17,16,16,17,16,1,6
21,26,26,,23,1,0
20,21,,21,22,1,3
19,19,19,,,0,6
13,,,,,1,0
19,21,23,25,27,0,6
21,19,,23,23,0,5
17,17,25,,25,1,6
17,17,,17,28,1,2
17,25,,25,25,1,2
20,21,,21,22,1,5
20,23,,28,29,1,4
20,,,23,26,1,2
19,49,,29,30,1,2
16,17,,22,24,0,4
14,16,,27,28,0,1
20,17,18,18,18,1,0
20,,,22,23,1,3
20,20,24,20,25,1,6
17,23,,,,1,4
18,20,,26,,0,2
,,,,,1,0
37,,,40,42,1,1
,,,,,0,0
,,,,,0,0
,,,,,0,0
,,,,,0,0
21,21,21,32,26,0,5
,,,26,29,1,3
21,29,30,28,29,1,2
14,,,36,37,1,1
,23,,24,25,1,3
23,18,,25,26,1,3
11,18,,18,19,1,2
20,,,,,0,0
,,,21,23,1,4
,21,,21,24,1,1
,,,,19,1,0
22,16,,22,24,0,4
20,25,25,20,21,1,6
18,18,19,19,22,1,5
20,18,,,,1,0
21,21,24,,,0,0
15,15,16,,,0,0
18,17,20,,,1,0
,21,,30,30,1,3
,,,,,0,0
18,18,19,,,1,0
23,,,40,41,0,5
20,23,,23,23,1,5
20,24,24,24,,1,6
21,20,,20,23,1,5
,,,,,1,0
22,22,,,,0,0
17,17,24,,,0,0
18,18,,20,22,1,0
17,22,,22,23,0,5
22,31,,22,23,1,5
18,23,,23,25,1,2
16,16,,23,24,1,3
18,,,23,24,1,3
,16,16,18,20,1,6
14,20,,20,21,1,1
18,17,17,20,20,1,6
20,22,,22,,1,6
18,18,,24,25,1,6
,19,,33,,0,6
23,18,,25,27,1,2
21,22,,22,23,1,5
19,19,,24,29,0,3
17,25,,25,26,1,2
17,,,,,1,4
22,20,,20,21,0,6
12,20,,27,39,0,2
19,19,,28,27,0,3
18,25,,23,25,1,2
20,18,18,18,28,1,5
,,,,,0,0
17,18,,,,1,0
18,,,,,1,0
16,19,,20,,0,0
14,19,,19,20,1,3
14,20,,25,26,0,1
14,27,,27,27,1,3
21,22,,,,1,6
29,20,,20,,1,2
20,16,,23,25,0,5
20,21,,20,22,0,5
19,15,,20,21,1,2
22,27,,27,,1,6
14,18,,18,18,1,2
19,,,,,1,0
17,21,27,,,0,6
19,20,,20,20,1,3
24,21,,23,24,1,3
16,14,23,33,27,0,1
27,29,,32,34,0,1
16,23,,18,19,1,2
17,17,,20,,1,3
20,23,,23,25,1,5
18,19,21,22,24,0,5
24,15,20,20,21,0,4
20,18,,18,18,1,6
22,15,20,20,21,1,5
21,,,,,1,6
19,26,,23,23,1,6
16,23,21,21,21,1,4
15,20,21,21,22,0,3
19,21,,21,23,1,6
19,20,,21,21,1,0
18,,,25,25,0,2
19,23,24,24,26,0,6
21,26,27,,,0,6
17,23,,24,26,0,5
17,17,21,21,23,1,5
24,26,,23,24,0,6
16,19,,19,20,0,4
17,20,,20,21,1,4
24,,,25,26,1,4
17,19,,21,20,0,5
23,28,,28,29,1,6
17,20,,,31,1,1
25,21,,21,23,1,6
,,,23,25,0,2
16,21,23,23,29,0,6
,22,22,23,,1,0
22,19,25,,,1,0
21,17,21,,,1,0
,,,,25,0,2
,18,,,,0,0
16,18,20,20,20,0,6
,18,,,,0,0
21,20,20,19,20,0,6
21,25,,25,27,0,4
,,,21,21,1,2
17,17,,,,0,0
,,,,,1,0
17,,,,,0,0
18,19,24,25,27,0,5
,,,,,0,0
,,22,22,,1,6
,21,45,21,22,0,5
18,17,,,,1,0
24,,,,,0,0
16,,,,,0,0
,,,,,1,0
18,20,20,21,25,0,3
,,,,,1,0
,,,,,0,0
17,19,,20,20,1,2
14,23,,23,25,1,1
18,30,,30,30,1,2
15,24,,24,25,0,3
19,21,,21,22,1,4
20,21,,21,22,0,3
19,21,,22,22,0,6
19,19,,19,20,1,6
18,18,,21,22,1,5
18,18,,21,24,0,6
18,24,29,25,25,1,1
19,20,,20,21,1,2
18,16,42,56,23,1,3
21,,,,,0,0
18,,,20,20,1,2
17,20,,,,1,0
,21,,21,24,0,3
18,19,,19,19,1,2
17,33,,17,24,1,1
18,17,,27,28,1,3
18,26,26,26,27,1,2
,,,20,21,0,4
19,23,23,23,23,0,6
18,18,20,20,20,1,3
17,25,,,,1,3
,18,,25,26,1,1
17,17,,17,18,1,6
,,,,35,1,5
,,,,,1,5
17,,,23,24,0,4
17,23,,23,25,1,1
20,21,,20,21,1,5
24,25,,25,,1,5
17,17,,21,22,0,6
19,29,29,29,30,1,6
14,,,20,21,1,2
,22,,22,22,1,3
,,,19,21,1,3
16,16,19,19,20,0,3
,19,,19,20,1,3
,20,,20,21,0,3
,,,25,26,0,4
,,,30,,0,5
18,20,20,21,,1,0
16,,,33,34,1,2
,,,,,0,0
19,20,,20,24,0,6
,22,,22,23,1,4
23,25,26,,,1,6
,18,18,,20,1,0
19,18,18,,,0,0
14,,25,25,,1,1
16,,,27,,1,1
16,15,,22,23,1,4
16,18,,23,24,1,1
,31,,36,37,0,1
,,,23,25,1,3
19,19,24,,,1,2
14,,,19,20,0,3
21,21,24,24,26,0,3
,19,,,25,1,2
,,,,,0,0
16,,,21,21,1,5
22,25,25,,,0,6
18,20,,18,18,1,5
15,17,,20,20,1,3
18,20,,20,21,1,3
19,,,,21,1,0
18,,,20,20,1,3
15,,,18,23,1,5
17,22,,23,24,1,3
12,22,,22,23,1,1
20,21,,21,22,0,4
,,,,,0,0
33,22,,23,23,0,2
23,23,,,,1,0
21,21,,21,22,1,4
16,32,,32,33,1,2
16,27,,27,28,0,3
17,,,,,0,5
18,,,,,1,0
19,,18,18,20,1,4
,15,,23,24,0,5
19,18,,20,21,1,5
,,,,,1,0
,,,,26,1,2
20,,,20,21,1,2
20,20,,22,25,0,6
14,14,14,,,1,0
,,,,23,1,5
19,,,19,33,0,4
18,18,,21,23,0,5
21,21,,20,20,1,4
22,22,22,22,20,0,5
,,21,36,37,0,5
25,25,,25,26,1,6
,,,25,26,0,6
,,,22,23,1,2
,,,24,25,1,6
16,17,,20,21,1,2
18,27,,25,16,0,2
19,24,,24,25,1,2
15,50,,43,,0,1
,,,,,0,0
19,19,,24,26,1,2
19,15,,22,22,1,4
16,22,,23,23,1,3
23,23,,25,26,1,4
22,17,22,21,22,0,4
17,23,,23,24,0,4
14,23,,23,24,0,3
18,18,18,18,18,1,5
32,29,,33,34,1,2
19,19,,24,24,0,3
17,18,18,23,23,1,6
17,30,,26,27,1,2
19,,37,,,1,1
17,23,,23,25,1,1
17,17,,20,23,1,2
17,20,20,20,18,1,4
17,,22,22,23,0,5
16,27,,24,25,1,3
15,22,,22,22,1,3
,,,,,1,0
21,17,,17,24,1,5
12,21,,21,22,0,1
17,16,22,22,23,0,4
21,21,,21,25,1,3
15,16,17,17,20,1,4
19,17,,20,21,1,6
18,18,18,18,18,1,5
13,,,24,25,1,1
,,,,,0,0
,,,17,18,1,6
18,28,,20,20,0,5
24,,,25,31,0,1
,,,,,0,3
,,,,27,1,5
,,,,,0,6
,,,,,0,6
17,18,,26,27,1,4
14,25,,22,23,1,2
16,12,,27,27,1,4
19,19,,23,24,0,4
25,19,,22,27,1,6
17,17,,21,22,0,4
18,18,,24,25,1,3
,20,,20,21,1,4
,,,,,0,0
19,23,,23,24,1,5
17,14,,28,29,0,5
21,51,,18,20,1,3
,,,30,32,1,2
20,21,,21,22,1,3
,23,20,20,21,0,4
17,17,21,21,22,1,6
15,,18,18,21,0,6
18,19,19,,,1,0
20,20,,,,1,1
23,19,,23,23,0,6
,20,,20,21,1,2
,22,22,,24,1,0
15,20,23,23,23,0,5
,14,,23,24,0,2
16,,,23,24,0,4
19,,,,,1,6
19,21,,21,19,0,6
17,15,,21,22,1,4
17,21,22,22,23,0,5
24,25,26,27,28,0,5
,,,22,24,0,3
,19,,19,24,1,6
,22,22,19,20,1,5
,21,,22,23,1,3
20,20,,20,28,1,4
18,21,,21,22,1,3
,17,19,22,23,1,5
17,21,,25,25,0,2
19,23,,23,23,1,4
19,19,,22,22,0,6
20,20,19,21,21,0,5
17,23,,26,27,0,3
22,22,,22,30,1,5
20,20,,,,1,0
21,17,17,,17,1,0
18,18,,20,20,0,2
17,20,23,26,24,1,5
18,18,21,22,22,1,3
,,,,,1,0
21,23,23,23,23,0,5
22,16,,29,29,0,5
17,17,,17,17,1,3
18,18,,20,22,0,3
,,,,,1,0
18,18,,20,,1,3
17,17,,23,23,0,3
17,18,,18,21,1,3
19,17,17,19,19,0,4
19,18,,18,20,1,6
22,,,17,19,1,6
17,16,16,18,25,1,5
23,24,33,24,25,0,5
22,20,,23,27,0,5
23,17,22,23,,0,0
16,17,,17,19,1,3
,13,,17,17,1,5
25,25,25,25,26,1,5
22,26,23,,23,1,6
22,24,24,,24,1,6
18,18,24,,26,0,6
19,,,,,1,0
19,19,,20,22,1,6
22,22,,23,31,1,5
18,21,,21,21,1,0
23,23,,23,24,1,2
17,18,,26,,0,6
20,27,27,27,28,1,6
17,18,19,21,20,1,6
,15,,24,25,0,3
16,19,28,30,37,0,4
19,,,,,1,0
19,,,,,0,5
,,,,,1,0
,12,,,,1,0
16,16,,30,31,0,3
14,16,,22,25,0,1
17,22,,22,23,0,4
17,17,,22,24,0,4
18,19,,20,21,1,4
22,18,,26,27,0,1
22,17,,24,25,0,4
19,17,,,,0,0
17,30,,,,1,4
18,18,,22,23,1,4
19,31,,19,24,1,5
26,30,30,28,28,1,2
20,20,,20,22,1,5
22,22,,22,23,0,4
18,19,,23,24,0,5
19,20,,20,20,1,0
20,,,,,1,0
20,21,,21,23,1,5
17,,,,,0,0
18,,,,,0,0
25,24,,24,,1,6
,17,,,,0,0
,21,,24,28,0,4
17,17,21,21,22,0,5
18,,,26,18,0,6
17,,,19,20,0,5
24,,,24,26,1,5
,,,,,1,0
17,23,,24,25,1,5
,,,,17,1,2
22,,,22,23,1,1
17,17,,17,25,0,1
25,47,,,,1,1
18,27,,27,29,1,1
19,33,,,23,1,6
18,,,,35,0,4
21,,,21,19,1,6
20,,,,,0,0
,18,20,21,21,1,6
,,,17,,1,3
,,,20,21,0,3
17,15,,30,31,0,1
22,17,,,,0,0
,18,,18,19,1,3
18,25,,23,24,0,4
18,31,,23,24,0,4
,,,,,1,6
18,24,,24,25,1,2
22,,,23,24,1,4
17,23,,23,25,1,4
20,20,,21,21,1,5
18,25,,25,31,0,4
,,,27,28,1,1
,,,24,24,0,2
17,26,,,,0,6
20,,,,,1,6
30,,,41,42,0,1
18,30,,,28,1,4
,,,29,30,1,6
21,22,,24,25,1,4
23,17,23,29,25,1,6
27,24,,24,24,1,5
22,17,,24,25,0,4
24,25,24,25,25,1,0
26,28,,28,30,1,6
20,25,,23,24,1,5
,16,,18,19,1,5
18,,,,,0,0
14,19,,,,1,3
,21,21,22,,0,0
20,24,,24,25,1,2
19,,,,,0,0
17,19,,19,20,1,4
,,,,,0,0
17,15,19,19,21,1,6
19,21,,21,22,1,3
19,21,21,21,22,1,4
21,22,,21,22,0,5
20,20,,25,26,1,3
18,25,,25,26,1,2
20,20,,18,19,1,5
17,15,,20,22,1,3
18,19,19,19,20,1,4
18,19,,19,20,1,6
15,19,,19,20,1,3
18,,19,,18,1,0
16,16,,23,24,0,3
23,28,,26,27,0,2
15,21,,18,19,0,4
17,17,,21,22,1,3
18,17,,,23,0,1
17,19,19,19,21,1,2
22,21,,21,,0,0
16,21,,25,26,0,2
23,17,,,,1,0
16,,19,19,21,1,2
,21,,21,24,1,6
19,17,,23,26,0,2
19,,,,22,1,5
20,24,24,21,16,1,6
19,30,30,22,25,1,6
22,24,,,23,1,5
25,27,24,24,25,0,6
21,21,23,24,,0,0
21,17,,,30,1,5
26,26,28,28,,0,6
20,20,,,38,1,5
24,24,,24,26,1,5
20,22,,22,22,1,5
20,30,,25,25,0,4
22,20,,,,0,0
16,18,,18,19,1,5
23,27,,,,1,6
,,,21,,1,2
24,18,,22,24,1,4
20,,,34,,0,1
18,19,19,19,21,1,2
16,,27,,,1,1
19,19,,,24,0,6
21,16,,22,23,0,5
20,28,,21,22,0,4
17,18,,18,19,1,4
22,24,,24,25,1,4
20,25,,25,26,0,4
,,,20,21,1,3
20,24,,24,31,1,2
21,24,,24,25,0,3
21,,,,,0,0
19,21,21,23,26,0,0
20,19,,33,33,0,4
,,,,,0,0
19,25,,23,25,1,4
,22,,,,1,0
,20,,20,20,1,0
22,17,,25,,0,6
22,,,,,0,0
17,,,,,0,4
21,21,,19,22,1,2
,,,,,0,0
,,,,,1,0
17,,,,,0,6
,,,,,1,0
,18,,,,1,0
22,24,,24,25,1,2
22,30,,30,,0,6
21,27,,,,0,6
,22,,22,22,1,6
12,19,,31,32,0,2
15,,,25,25,0,2
23,48,,,,0,4
17,17,,27,28,0,2
20,26,,26,27,1,3
17,,,24,25,1,2
23,23,,23,25,0,3
20,25,,25,26,1,6
21,,,20,21,1,6
20,22,,22,24,0,3
,,,,,1,0
17,21,23,23,24,0,1
17,17,,21,22,0,5
21,18,22,23,42,0,4
18,22,19,,20,1,0
22,18,,18,19,1,0
18,17,18,18,19,1,3
22,22,,23,24,0,0
24,20,,,21,1,5
18,18,,22,23,1,6
20,20,,20,21,1,3
30,16,,22,23,0,5
20,17,21,21,22,1,3
16,,22,22,24,0,3
18,,,,,1,0
,,21,21,22,1,3
,,,,34,1,5
18,18,18,18,18,1,6
23,,,23,23,0,6
22,,,,,1,0
22,17,,33,33,1,4
,17,,22,23,1,5
21,18,,24,,1,0
16,18,,23,26,0,1
14,16,,21,22,1,1
17,16,23,23,24,0,4
14,17,,20,22,1,1
22,17,,25,,0,6
21,17,,,,1,0
23,13,,23,25,1,2
20,17,,23,30,1,5
19,20,,26,26,0,5
17,21,,31,32,0,5
21,18,,29,30,0,5
16,19,18,18,21,1,6
,,,22,22,0,3
20,18,21,23,24,0,5
19,,,,,0,6
17,20,,21,21,0,0
20,21,,21,22,0,3
22,,,22,22,1,5
19,19,23,24,25,0,2
17,15,20,25,,0,6
30,26,,,,0,5
16,14,18,16,18,1,4
22,22,,22,24,0,4
,,,,,0,0
,,,17,18,1,2
17,23,,24,33,1,2
20,,,24,29,1,6
19,,,,18,1,3
20,27,,27,31,1,2
15,,19,42,19,1,4
20,21,,21,27,0,5
,23,,23,25,1,0
17,16,17,17,22,1,2
18,19,,20,22,0,4
19,,,26,23,1,3
20,18,,20,22,1,4
,,,,,0,0
,20,,20,33,1,3
,,,20,23,1,4
18,17,27,18,19,1,4
21,19,,24,24,0,2
17,18,,22,23,1,5
,20,,,23,1,0
19,17,,21,,0,5
24,16,,25,27,1,3
13,17,,17,18,1,2
18,,25,25,26,0,5
19,,,,,1,0
17,34,,22,23,0,6
11,18,,25,,0,2
18,20,,22,24,1,2
20,21,,24,26,1,2
20,26,,26,27,1,2
19,27,,27,28,1,2
19,,,,,0,0
20,22,,,24,0,3
25,26,,26,27,0,5
18,,,23,25,0,2
22,,,23,24,1,3
18,19,,30,36,1,5
31,16,,21,22,1,5
19,,,37,31,1,2
21,23,,21,30,1,6
18,21,,21,23,0,2
31,29,,30,33,1,5
20,22,,22,24,1,5
22,,,31,34,0,2
21,,33,,,1,5
20,,,22,23,1,6
20,20,,20,21,0,5
,20,,20,21,1,6
,18,,18,19,1,0
18,19,,19,20,1,5
19,31,,31,34,1,4
20,23,,22,24,0,6
21,22,,22,31,1,4
19,30,,21,23,1,3
19,24,24,26,26,1,3
22,,,,,1,0
17,20,,23,25,1,3
17,,,,,1,6
20,23,,23,23,1,5
23,23,,23,24,1,2
19,23,,24,25,0,2
19,,21,22,22,0,5
21,20,,19,21,1,0
20,20,,21,22,1,4
15,27,21,,,1,3
18,,,25,25,0,5
18,19,,19,20,1,6
15,,,22,23,1,2
16,,23,23,23,1,2
24,16,,19,17,0,6
,,,31,32,1,1
10,,,23,23,1,2
14,,,27,29,1,1
20,20,,20,21,1,2
,,,16,17,1,6
16,21,,23,23,1,4
20,25,,25,26,0,5
,,,19,19,1,4
14,21,,23,24,0,3
17,18,18,19,17,1,6
21,,,,,0,0
16,19,24,33,25,1,6
15,20,,21,22,1,2
27,18,,23,25,0,5
12,18,18,,19,1,2
19,17,26,,,1,3
20,18,,,,0,0
23,,,27,27,0,6
18,20,,20,33,1,4
16,26,,26,41,0,2
17,34,40,,21,1,3
21,,,,,0,0
17,18,18,18,19,1,3
18,22,,29,31,0,2
17,18,,18,19,1,3
21,22,,,,0,5
20,20,,,,0,0
18,,21,21,23,0,4
20,,,22,,1,4
,,,,,0,2
20,21,,21,26,1,4
20,,,,,0,0
21,22,,,,0,6
,,,18,18,1,2
18,,20,21,22,0,4
,,,20,21,0,4
,,,,,0,6
25,28,27,27,28,0,6
,17,,21,25,1,4
25,26,23,23,26,0,6
,,,21,25,1,2
17,20,,20,21,1,4
22,19,,24,25,1,4
23,,,,,1,0
23,23,30,30,32,0,2
,,,,,1,0
16,,,24,25,0,3
21,21,,21,22,1,5
17,15,,,,0,0
,20,,20,21,1,5
21,18,,21,,1,4
22,,,32,34,0,3
18,30,,23,25,0,4
17,18,,25,26,0,3
,17,,,,1,0
16,19,,25,26,1,3
16,,,18,,1,3
19,17,,24,25,0,2
20,28,,32,37,1,5
21,17,23,24,27,0,5
18,14,,26,29,1,3
21,21,19,19,20,1,5
20,27,,23,22,1,6
20,50,26,26,27,1,3
,,,,24,0,5
17,17,,21,31,1,5
,19,,19,20,1,5
,,,,,1,0
22,17,,22,23,1,5
22,,,22,24,0,2
,22,,20,21,1,3
20,20,20,21,,1,0
25,27,,27,29,0,2
17,17,,22,23,1,3
18,20,,22,26,1,5
17,17,20,21,22,1,2
24,26,19,19,19,1,5
,,,,,1,0
,21,,22,26,1,5
20,20,,23,24,0,4
19,20,,27,24,1,4
20,20,,20,23,1,3
,,,,31,1,1
15,19,,26,36,0,3
20,,22,22,25,0,5
20,18,38,21,22,1,4
21,26,18,39,18,1,3
15,18,29,,29,0,5
13,23,,23,24,1,2
,17,,,,1,0
,,,,,1,0
,17,,,,1,0
,15,,,,1,0
,16,17,,,1,0
,,,31,31,0,4
20,24,,24,26,1,4
,21,,21,22,1,3
,22,22,22,23,0,3
,22,,22,24,0,6
,24,24,25,25,1,3
,22,,22,,0,0
20,20,,22,24,0,5
18,,,20,24,1,2
20,,24,24,26,0,3
21,23,,22,23,1,6
,20,,22,,0,5
22,20,,23,26,1,3
,28,,20,22,1,2
,25,,23,24,0,3
,24,,24,25,0,6
19,22,,,,0,3
,22,25,27,27,0,6
16,23,,23,23,1,1
21,17,,24,26,1,4
22,25,,25,27,1,1
21,36,,24,25,0,5
21,,,,,1,6
17,18,,18,19,1,6
19,,,,,1,6
17,25,20,20,29,1,4
20,20,21,24,27,1,5
17,25,,22,24,0,3
14,,,19,21,1,6
,,38,39,39,0,4
20,24,24,,25,0,5
17,17,,21,23,1,4
15,15,,25,26,1,2
21,28,,25,25,0,4
16,18,,25,27,0,6
22,17,,,,0,6
15,21,,22,,1,2
15,32,,24,26,0,3
17,17,,18,19,1,3
18,22,,23,24,0,4
,17,,,,0,0
,16,,,,1,0
17,18,,20,21,1,6
22,20,,20,20,1,4
21,19,,19,19,1,4
24,17,,21,22,1,6
16,25,,25,26,1,1
16,18,,18,20,0,2
20,17,,22,22,1,3
23,,,20,20,1,6
21,20,23,24,,0,0
16,29,29,29,,0,4
17,17,,27,36,0,3
17,25,25,27,26,1,4
17,18,,18,19,1,3
23,18,,24,26,0,1
,15,22,23,23,1,1
,19,18,19,,1,0
21,19,,19,21,0,5
26,21,,21,22,1,4
,18,,,,0,0
20,19,,21,22,1,6
21,17,,20,22,1,4
,17,,,,1,3
,,,,,0,0
23,16,27,,,0,5
19,16,,24,25,0,3
14,,31,32,,1,1
17,,,19,20,0,2
,,,,,1,0
17,17,,20,21,0,5
,,,,,1,2
20,16,,16,16,1,0
16,19,,23,24,0,2
22,22,25,,26,1,2
21,18,,25,26,0,3
24,24,,26,27,1,2
17,18,23,19,18,0,5
17,,,,,1,1
17,15,17,17,18,1,5
18,18,,25,26,0,1
19,,,20,21,1,6
,,,,19,1,0
22,17,,,,1,6
23,23,,23,24,1,4
25,,,25,26,0,2
19,20,,,,1,0
23,,,18,20,1,0
,,,,,1,0
,,,20,21,1,4
22,17,,24,25,1,4
23,20,,31,32,0,3
,,,,,1,0
19,,,,,1,0
19,19,19,20,21,1,0
16,,,,,0,0
,32,,27,28,0,5
17,,,,,1,0
19,24,22,23,24,0,6
,19,19,20,20,1,5
,,,,,1,0
,16,,17,18,1,3
16,16,21,,,0,0
,,,17,,1,2
17,17,,23,25,0,4
22,18,,19,20,1,6
18,18,19,21,21,0,5
12,,24,24,26,0,2
18,17,,26,28,0,3
18,17,,,,1,0
16,18,,,,0,5
,,,25,26,0,2
23,18,,,,1,0
19,,,23,24,0,5
,,,19,20,1,2
20,16,,25,27,0,6
18,,,17,19,1,2
,,,,,1,0
,17,,21,23,0,6
16,16,,25,26,0,2
,,28,28,28,0,6
22,17,26,26,27,0,5
,,,,,0,0
20,20,,27,29,0,4
18,,,19,20,1,6
19,,,18,20,1,4
16,16,,23,24,0,3
,17,,17,21,1,6
16,19,,19,20,1,2
22,19,,31,32,0,4
19,,,,,0,0
18,19,,23,24,0,3
24,21,,21,24,1,2
18,22,,22,23,1,3
19,,,,,0,0
25,18,22,,25,0,5
,,,17,19,1,4
,24,,24,26,1,2
17,,,19,,0,0
24,21,,27,24,0,3
,25,,25,26,1,5
21,24,24,24,20,1,4
22,22,,25,,0,6
19,17,,23,24,1,3
18,18,,23,23,0,3
,19,,23,26,1,2
21,21,,22,23,0,5
,22,,26,31,1,5
41,31,,23,24,1,4
42,,21,21,22,1,5
31,29,,30,37,0,3
,24,,24,24,1,5
,,,19,20,1,2
17,,,,,1,0
24,25,25,,,0,0
19,18,,,,0,0
,,,,,0,0
,24,40,24,35,1,4
19,,,,,0,6
16,26,,28,29,0,2
18,,,,,0,4
24,25,,25,26,1,3
18,18,,18,19,1,2
19,14,20,20,39,1,5
,17,,17,17,1,0
,,,,,0,0
15,16,,16,16,1,2
18,,,20,22,0,4
23,23,,23,24,1,1
,17,16,17,17,0,6
21,21,21,22,,1,4
21,26,,23,23,0,6
16,26,26,29,30,0,5
19,30,,24,26,0,2
,17,18,20,19,0,6
37,44,,41,42,1,3
13,18,,19,20,1,1
,20,,,,1,3
16,40,,20,21,0,4
18,20,20,20,20,1,6
16,20,,22,,1,3
18,24,,24,25,1,3
15,17,,18,19,1,3
16,16,,21,22,1,5
16,19,,19,20,1,3
18,21,,21,22,0,2
14,19,,19,21,1,2
15,18,,18,,1,2
17,,,,,0,0
21,22,,22,23,1,3
16,21,23,23,24,0,2
17,,,20,,1,3
29,,,,22,1,4
,,20,20,20,1,6
,,,19,20,0,6
21,20,,20,21,1,3
,23,,,27,1,5
23,,27,,,0,6
21,43,,43,27,1,4
,,,33,33,0,2
20,,,31,31,0,5
25,20,,20,21,1,6
,,,31,32,1,6
,,,27,26,0,4
18,,,,,0,5
,,,23,,1,0
18,18,,28,28,0,3
21,,,,,0,0
,25,,20,21,1,0
40,38,,38,,1,5
,,,,,0,5
,18,,20,20,1,4
,,,18,20,0,5
,18,,20,20,1,4
25,,,31,,1,2
14,,,,,1,0
16,,,,,0,0
,,,,,1,0
14,,,,,1,0
24,23,,,,0,0
16,19,,,,0,0
,,,19,19,1,5
22,22,22,23,23,1,3
,,,23,24,1,6
,,,39,22,1,4
18,18,,19,20,1,3
28,28,,28,28,0,4
20,22,,21,22,1,6
20,,26,24,28,0,5
19,,,19,20,0,6
,20,,22,23,0,5
,26,,23,23,1,4
20,,,23,35,1,4
,34,22,33,35,0,5
,17,,26,28,0,5
,23,,23,20,1,4
19,19,,19,22,1,4
16,16,,26,30,1,2
20,,,,,1,6
18,18,,20,22,0,5
19,,,19,20,1,3
,,,19,20,1,0
19,,21,,,0,6
19,23,29,,,1,6
19,19,,23,25,0,2
,24,,24,27,0,6
18,20,,,,1,0
19,18,18,19,20,1,4
22,23,,23,23,1,6
22,19,,19,21,1,6
10,21,,25,25,0,2
14,15,15,24,24,0,6
14,16,22,26,26,1,3
17,,,27,29,1,2
23,,23,25,20,1,6
,15,26,26,27,0,1
16,19,,19,22,1,2
16,23,20,23,23,1,4
18,18,,21,23,0,4
20,23,,21,22,1,4
20,21,,21,22,1,0
18,21,,23,24,0,6
18,19,,19,21,1,4
18,,52,52,31,1,2
20,22,,22,24,0,5
14,20,,20,21,1,6
19,23,23,20,21,1,6
21,20,,24,25,0,0
,17,22,22,23,1,2
,,26,26,26,1,6
,23,,23,24,0,4
15,30,21,21,22,1,2
12,18,,22,22,1,2
,18,22,22,,0,5
20,22,35,35,25,0,5
17,21,21,23,23,1,6
18,21,,21,22,0,0
19,25,,21,22,0,5
21,21,,21,21,0,4
17,19,22,22,23,0,4
19,19,,22,23,1,4
17,19,19,20,21,1,0
18,18,,22,22,0,4
15,18,15,21,21,1,0
17,28,,24,25,1,4
22,18,,,,1,5
17,16,,19,,1,4
18,24,,24,23,1,6
18,17,21,21,22,1,5
20,20,,,,1,6
,,,,,0,0
,19,,19,21,1,0
25,20,,25,25,0,4
16,18,,20,20,0,4
17,24,24,24,26,1,3
11,21,,22,24,0,2
18,19,,24,27,1,4
18,16,25,26,28,0,5
23,26,,26,28,1,2
16,16,19,19,20,1,2
18,,,,,1,3
19,16,20,20,21,1,2
17,17,,20,22,1,6
15,17,,23,24,1,1
17,21,21,27,27,0,5
,,,,,0,0
17,,23,23,24,0,5
,23,,23,24,1,6
,19,19,18,18,1,5
19,20,20,20,20,1,5
,19,,25,26,0,5
22,20,20,,,0,0
24,25,25,,,1,0
21,23,,23,24,1,3
18,,,,,1,0
,,,,,1,0
,22,,22,23,1,4
19,,,,,0,6
20,20,23,22,24,1,4
,17,,21,25,1,4
21,19,,,,0,0
24,24,,24,26,1,4
18,18,18,18,21,1,2
13,21,,25,36,0,1
16,20,,22,30,1,2
,19,,22,23,0,3
19,22,25,,,1,0
16,20,,20,21,1,3
19,,,,,1,0
13,,,24,25,0,1
16,16,,25,26,0,3
15,27,,27,33,0,3
19,20,,19,19,0,4
21,21,,22,23,1,3
18,19,,19,20,1,6
20,25,,27,27,1,3
17,18,18,20,23,1,5
19,23,,23,26,1,6
21,15,22,21,22,0,0
,16,,16,17,1,6
23,17,,,34,1,5
,17,21,21,22,1,4
,,,21,23,0,4
,25,,25,26,0,2
,17,,,20,0,3
,18,,19,20,0,5
17,19,,,,1,2
,17,,26,27,1,3
20,20,,,,1,2
16,17,,24,24,0,5
17,15,,19,19,1,4
,19,,19,20,1,1
,18,,23,24,1,3
,25,,,25,0,4
22,24,,26,27,1,1
18,,,,38,1,3
20,30,,29,31,0,4
16,19,23,23,21,1,5
21,,,,,1,0
,30,,25,27,0,3
16,16,,20,21,1,5
26,26,24,24,21,1,3
28,26,,26,27,1,6
,,,,,0,0
20,18,19,,18,1,0
22,23,,23,23,1,6
16,25,,22,23,1,3
23,25,,25,26,0,3
14,20,31,28,30,0,1
23,16,,23,24,0,4
17,17,24,24,28,0,2
17,17,,18,19,1,1
14,,,19,20,1,2
15,23,26,23,22,1,2
20,23,23,22,23,1,1
19,23,23,23,24,0,4
21,23,29,23,27,1,2
23,27,,25,27,1,2
16,21,,22,26,0,5
16,16,,21,22,1,2
23,27,,27,27,0,3
17,19,,22,23,1,3
16,18,,20,22,1,2
20,23,,23,24,1,3
23,18,,,,0,6
,,,20,21,1,3
,18,,21,22,1,4
,17,,23,24,1,3
,19,,26,28,1,3
,18,,18,19,1,6
,31,,,,0,5
,18,,19,27,1,5
,18,,22,23,1,0
,19,,21,,0,0
,18,24,24,24,0,6
,,,,23,0,3
,19,,,21,1,6
,,,20,23,1,3
43,,,,21,1,5
,,,39,,0,5
,23,,23,28,1,5
,,,19,20,1,2
17,12,,19,20,1,6
22,22,,22,23,0,6
20,18,,22,22,1,4
19,16,,21,21,0,5
20,17,24,24,25,0,6
16,,,,,0,0
,27,,18,18,1,6
,22,,22,23,1,4
35,,,,,1,3
,22,,22,23,0,5
18,,,18,19,1,6
,21,,18,19,1,6
23,17,,23,25,1,5
,15,,22,23,0,1
,,,21,22,1,3
,20,,,23,1,1
13,20,,20,23,0,2
14,16,,24,28,1,3
18,,,21,21,0,6
16,22,,21,22,1,6
18,,,22,23,1,6
18,18,21,21,22,1,4
22,18,,22,23,0,3
15,17,,18,21,1,2
21,18,26,26,27,0,5
15,16,,23,25,1,3
20,16,,19,21,1,3
22,17,24,25,25,1,5
,17,19,,,1,0
,,,20,22,1,2
17,18,44,27,28,1,4
12,,,27,,0,2
39,19,19,19,20,1,4
22,23,,23,,0,5
31,17,,28,30,0,6
22,17,17,,23,1,0
16,,,18,20,1,2
15,22,,22,,1,1
22,18,,24,25,1,5
18,15,,19,20,1,5
22,20,,24,24,1,4
17,17,,,21,1,5
17,20,,20,22,1,2
18,18,,19,20,1,5
20,18,,21,34,0,3
27,32,,,33,1,3
15,,,36,37,0,5
23,23,18,,,1,2
,,,,25,1,5
,21,21,21,22,1,6
22,,26,,,0,6
23,23,,,21,1,6
18,,23,24,25,1,4
22,15,22,23,23,0,6
21,32,,26,27,0,2
,,21,21,22,1,6
17,17,,24,24,1,2
16,,,,,0,0
,28,28,33,29,1,1
20,25,20,20,20,1,3
14,18,18,19,19,1,0
18,19,,19,24,1,4
17,,,26,38,1,5
18,19,24,24,29,0,3
22,19,19,19,22,1,6
21,,,,,1,0
18,18,,23,24,1,1
14,17,,17,19,1,6
21,27,,27,30,0,5
20,21,,21,23,0,6
21,28,,28,25,1,2
17,18,18,23,,1,0
18,,19,,23,1,6
20,14,,19,,1,3
19,21,,,27,0,6
21,18,,22,24,0,5
16,17,,22,22,0,0
14,14,29,22,,0,3
13,19,,19,20,1,1
18,14,,21,28,1,2
19,25,,23,24,1,2
16,,,,,0,0
,17,,25,27,1,5
19,17,,22,23,1,4
22,19,23,26,,0,6
17,17,,20,20,1,4
18,21,21,,,1,0
20,,,21,22,1,1
18,19,19,19,20,1,4
18,20,20,19,21,1,6
19,21,,21,18,1,5
,30,,20,20,1,4
,,,,,0,0
18,42,42,19,20,1,5
,,,21,23,1,4
21,,,18,19,1,5
27,20,,20,21,1,2
18,,,28,24,0,5
18,28,,19,35,1,2
19,21,,21,23,1,6
20,18,,18,19,1,6
20,,,,,1,0
,,,,,0,5
,,,21,,0,4
18,16,,22,22,0,4
18,22,,22,23,1,3
17,21,,26,27,0,5
16,22,22,22,22,0,4
16,22,,23,23,1,4
24,17,,24,24,1,2
20,20,,20,28,0,4
20,28,,33,38,1,2
19,20,21,21,22,1,4
24,17,,24,25,1,3
17,17,,23,24,0,3
,,,,,0,0
15,27,18,18,19,1,3
20,22,,20,24,1,5
18,19,,19,19,1,4
17,19,,21,22,0,4
18,36,17,18,17,1,3
17,18,,18,20,0,4
22,20,,20,21,1,2
16,17,,,,0,6
17,23,,23,24,1,6
18,19,,19,20,1,4
22,24,,25,26,1,5
21,21,,24,16,1,6
19,20,,24,27,1,3
16,19,,19,19,1,4
,20,,21,23,1,6
,,,20,21,0,3
22,22,,,,1,0
,,,20,21,0,3
,,,,,1,0
,23,,23,,1,4
,,,,,1,0
,,,,,0,5
,,,18,28,0,3
,18,,,,1,0
,,,,,1,0
18,18,,22,23,1,5
,20,,20,20,1,5
46,24,,24,25,1,4
23,23,,20,24,0,5
18,15,,20,25,1,4
14,16,,17,18,1,5
,59,,22,32,0,2
,,,,,0,0
15,20,,25,27,1,6
18,22,,22,23,0,1
17,21,,24,25,0,4
46,19,,19,21,1,5
24,24,,18,18,1,2
16,16,,35,36,1,1
18,20,,20,21,1,6
19,17,,19,20,1,4
21,21,,21,21,1,5
16,21,,19,18,1,2
15,15,18,18,19,1,4
14,21,,21,22,1,5
20,15,,20,22,1,5
18,17,19,19,21,1,4
15,27,,26,18,1,3
,31,,25,26,0,3
18,19,,23,22,1,5
24,22,,22,24,0,5
,,45,24,25,1,2
12,21,,28,32,0,2
,,,,,1,0
19,16,,20,23,0,5
16,18,21,21,,0,4
15,21,21,23,23,1,3
19,23,23,23,23,1,6
17,15,,20,21,1,4
19,,16,,17,1,0
16,21,,22,33,0,4
18,18,,19,23,1,4
18,29,,29,30,0,4
,,,,,1,0
23,23,23,23,43,0,4
20,16,17,18,20,1,6
19,19,16,21,25,0,6
19,17,17,17,27,1,6
20,,,,,0,0
20,19,21,21,27,0,6
,,,,,1,0
20,21,,21,23,0,6
17,17,,18,20,1,4
19,21,19,20,24,1,0
17,21,,21,30,0,4
25,16,27,24,25,1,4
17,17,,22,24,0,4
17,17,,42,42,0,3
,17,,,,0,0
,,,,,0,0
16,21,,,,1,0
,17,,,,1,0
,18,21,,,0,0
,18,,,,1,0
22,19,,20,21,1,0
18,18,,,,0,0
15,21,21,22,,1,0
33,27,30,20,20,0,5
27,22,29,,,0,6
21,21,,21,22,1,2
19,16,,24,24,1,3
17,18,,,,0,0
17,19,22,22,22,0,4
18,22,,18,18,1,4
19,24,,21,21,1,5
15,18,,22,23,0,1
,19,,,,1,0
19,21,,20,20,1,2
21,18,,27,29,0,5
24,,18,18,19,1,6
19,17,,22,23,0,2
20,,,22,24,0,6
16,25,,25,,1,1
22,,,23,27,1,2
17,17,,24,25,1,3
21,21,24,25,26,0,4
19,21,,21,23,0,6
21,19,,,,0,6
17,23,23,23,24,1,5
17,,20,21,21,1,2
22,22,23,24,24,0,3
19,16,19,19,20,1,5
18,,,,21,1,0
17,,,,,1,1
22,23,23,23,24,1,5
21,23,23,23,28,0,4
20,20,,20,21,0,6
22,17,20,20,23,1,6
17,15,19,20,24,1,2
22,17,,23,25,1,4
21,22,,,,0,0
17,23,24,24,24,1,5
12,14,,25,26,0,2
19,17,29,29,31,1,4
19,23,,23,25,1,3
17,18,22,22,23,0,5
22,24,20,20,20,1,6
,,43,43,,0,5
,,,,,1,0
18,18,22,22,23,0,5
,,,,,1,0
20,21,21,21,22,1,4
19,19,,23,24,0,5
,,,,,0,0
18,26,,26,28,1,2
12,27,30,26,28,1,2
20,,,,,0,6
14,21,,21,22,1,2
12,23,,23,27,1,1
15,15,,18,19,0,4
22,17,22,,24,1,4
18,19,,23,24,1,4
32,22,,22,22,1,6
20,20,,18,19,1,3
18,20,,20,21,1,3
17,20,,24,25,0,3
16,16,,21,22,0,4
18,18,,20,21,0,6
20,19,24,27,24,1,5
17,17,17,18,18,1,4
17,23,23,23,28,1,4
20,20,22,22,22,1,6
19,15,19,19,19,1,2
17,17,18,18,19,1,4
21,21,,21,22,0,5
18,21,21,22,22,0,6
22,22,,24,25,1,1
17,31,,22,24,0,2
19,23,21,21,20,1,4
17,17,,22,23,0,4
21,22,,22,23,0,5
22,18,,18,19,0,3
16,16,16,17,16,1,4
17,25,,24,25,0,3
20,,,,,1,0
14,18,,19,20,1,3
20,23,35,,30,1,2
16,16,18,,21,1,4
16,19,,19,20,1,5
18,22,22,23,23,1,6
17,20,25,,27,0,5
18,17,39,39,26,1,3
17,19,,23,24,0,2
20,21,22,23,24,1,4
20,20,,18,20,1,3
18,21,,,,0,3
17,23,,24,34,0,4
26,,,,,0,6
16,,,,31,1,4
26,25,,22,23,1,4
28,,,26,27,1,3
26,19,,23,24,1,4
24,19,,24,26,1,2
18,,,23,25,1,4
18,20,,20,21,1,1
21,24,,24,25,0,3
17,23,,23,26,0,2
,17,,,,1,0
,22,,22,23,1,5
23,25,,25,26,0,4
,41,,22,24,1,2
,,,,,1,0
21,21,21,22,24,1,0
14,36,,,,1,1
20,17,,,,1,0
26,18,25,25,26,0,3
22,14,,22,23,1,5
17,23,,,,1,5
24,24,,32,33,0,2
18,21,,21,22,1,4
15,15,,20,23,0,4
18,18,28,25,27,0,5
21,17,31,,28,1,5
17,19,,25,26,0,4
20,16,,,,1,0
20,21,,,,0,0
,,,,,1,5
23,18,,25,26,0,5
24,23,,25,26,0,6
17,20,,23,24,0,2
23,23,,26,27,0,4
24,21,,,,1,6
25,20,,30,31,1,3
19,19,,19,22,0,3
21,20,,23,24,1,1
17,,27,27,29,1,4
18,18,,20,21,1,5
19,,,,,0,0
,,,24,25,1,2
22,26,26,,27,0,6
,22,22,26,27,0,4
20,20,,20,20,1,5
17,33,,20,21,1,2
,18,,18,20,1,0
24,18,,24,25,0,4
17,21,,22,23,1,1
17,19,,22,23,0,4
17,17,,21,22,1,4
22,22,,23,23,0,6
25,25,25,34,35,0,5
21,21,,23,24,0,3
,,,,,1,0
19,17,,23,24,1,3
21,23,,23,23,1,1
30,29,,29,,1,5
18,14,,20,26,1,3
21,17,,22,23,1,4
,,,,,0,0
20,17,,,,0,5
20,16,,18,19,1,3
16,31,,,,0,6
,,,22,17,0,3
23,28,36,37,39,1,2
,,,,23,1,2
,,,20,21,1,2
18,18,,,19,1,0
19,16,,,,0,0
17,19,,23,23,0,3
21,25,,25,30,0,5
,,,22,25,1,4
20,16,,19,20,1,4
15,15,15,,,0,0
,,22,22,22,0,6
21,,,,,0,0
21,19,,19,24,0,4
,,,,,0,6
22,24,24,25,25,1,5
19,17,,21,,0,0
,26,26,27,29,1,6
23,19,,19,19,1,6
18,25,,25,27,0,4
17,22,,22,23,1,3
,,,23,26,1,1
17,18,,20,19,1,1
15,26,,26,28,0,1
23,17,23,24,24,0,5
15,21,,21,23,0,4
20,19,19,21,20,1,0
21,21,,21,22,1,5
20,16,,22,23,1,3
16,19,25,,,0,5
15,18,18,19,19,0,4
18,18,,18,19,1,5
14,48,48,24,18,1,4
17,23,,25,26,1,4
19,18,,20,25,1,4
21,17,31,32,22,0,5
19,19,,22,23,1,4
20,19,,19,20,1,4
,,,,,0,0
22,16,,28,32,1,4
,,,,,0,0
17,17,,20,21,1,4
36,25,23,23,23,0,4
17,17,,21,22,1,4
17,20,,20,31,0,6
17,23,,24,25,0,4
18,,,21,22,0,4
23,18,,20,21,1,5
19,19,,21,22,1,3
16,13,,21,22,1,3
16,23,23,24,24,0,6
15,17,,17,18,1,5
16,18,,23,25,0,2
20,24,,22,24,1,3
15,15,,22,30,1,2
18,24,23,25,25,0,0
22,22,,22,22,1,2
21,16,29,,,1,6
22,,,24,24,0,6
18,18,,18,21,1,3
21,28,34,23,34,0,5
16,21,,21,30,0,4
16,17,,30,37,1,1
19,22,23,,41,1,3
16,18,,23,25,0,1
18,21,,18,24,1,5
22,14,,22,23,1,2
16,27,,20,,0,3
22,20,22,22,17,0,4
19,15,,28,29,1,4
22,23,,23,24,1,0
16,,,,,0,0
17,55,,24,25,1,1
17,21,,24,24,1,4
22,,,,,0,0
18,20,,24,24,0,4
19,24,,24,25,1,3
17,18,,21,27,0,6
18,19,,21,22,0,5
18,22,25,,,1,6
19,20,,24,26,1,2
19,24,,24,26,0,5
,,,,,0,0
18,26,26,26,27,1,4
26,21,,21,22,1,6
21,16,,20,,1,0
18,19,,24,25,0,4
15,15,,22,23,0,3
21,18,25,25,27,0,3
20,21,,21,22,1,4
17,18,,24,25,0,6
16,17,,22,22,0,6
23,25,,21,,1,6
23,18,,26,28,1,2
19,,19,19,20,1,5
14,24,20,28,21,0,1
17,,,,,0,0
19,,,,,1,6
15,18,18,19,19,0,0
20,17,,,,1,6
23,20,20,21,21,1,0
21,17,19,,,0,0
,,,18,22,1,1
,,,23,31,1,2
,,,,23,1,0
20,,,,22,1,6
,20,,22,23,1,4
16,17,,21,22,1,1
,,,,27,1,4
,,,,,1,0
,,,,,0,5
21,,,,,1,0
,,,,,0,5
,,,16,17,1,4
18,17,19,27,,0,6
19,,,,26,0,2
,21,21,21,,1,4
,,,,,0,0
20,22,,28,29,0,5
17,18,23,24,26,0,4
17,17,,,,1,4
22,17,22,,,0,6
19,16,,19,20,0,3
17,18,24,24,26,0,4
16,18,,30,30,0,3
17,25,25,25,25,0,5
19,,,,,0,0
18,18,,22,23,0,4
,,,,,0,0
,,,,,1,0
,,,,,1,0
18,17,,20,21,1,4
24,18,18,29,21,1,6
18,,,24,25,1,4
20,17,,21,22,0,4
18,26,,24,26,1,5
17,27,,42,,0,3
17,26,,22,23,0,5
17,,,18,19,1,2
18,,,24,25,0,0
18,20,,20,30,1,5
18,20,,35,,0,2
18,18,,18,19,1,3
20,18,,23,23,1,4
18,,22,,,0,6
19,23,,24,24,0,3
18,20,,20,24,0,4
24,21,,23,24,0,4
,,,,,0,0
21,22,,22,23,1,2
18,20,,22,23,1,3
28,28,28,28,29,1,2
20,17,,,,1,5
18,19,41,19,20,1,5
21,25,,23,25,1,5
22,17,,25,25,0,5
18,18,,18,19,1,5
27,30,,30,22,1,2
22,,,,,0,0
20,23,,22,25,0,5
17,16,,19,20,1,3
16,22,21,21,23,0,3
23,18,,22,25,1,4
21,22,,22,22,0,0
19,19,,,,0,0
15,,,,,1,0
,19,,,,1,0
,17,22,22,23,1,4
,,,,,0,6
,15,,,,1,0
19,16,21,21,24,0,0
20,,,,,0,0
,26,28,,29,0,5
,18,,,,1,0
,,,,24,1,6
20,18,,,,0,0
,,18,23,24,1,0
,18,,,,0,0
21,20,,20,22,0,0
20,17,,24,,0,0
18,15,,,,1,0
21,,,23,24,1,3
,,,21,22,1,1
,20,,22,24,1,2
22,34,,23,24,0,2
15,,,,,0,0
,,,27,28,0,4
21,30,,28,28,0,6
,17,,,,0,0
,24,,24,25,1,2
,,,22,23,1,2
,,,23,24,1,1
19,19,,20,,1,2
,,,,,1,1
20,20,17,21,22,1,3
22,25,,25,27,1,4
21,19,19,19,19,1,0
,,,20,29,1,4
22,,25,25,26,0,3
23,,26,26,27,1,2
22,,26,26,27,0,4
19,22,,22,23,0,3
20,23,,23,26,1,3
19,,17,18,18,1,3
20,,,23,,1,2
18,,,,,0,0
15,20,23,23,23,0,2
20,21,,26,28,0,2
21,,,,,0,0
,16,16,,17,1,0
18,27,,27,28,0,5
19,19,,19,29,1,4
20,17,,,,1,0
19,35,,23,23,1,4
19,,,34,36,1,5
20,20,,20,21,1,6
18,21,,21,22,1,3
18,29,,29,29,1,6
23,18,,21,23,1,3
16,21,,21,22,1,2
16,22,,22,22,0,4
19,19,,19,22,1,5
19,16,,18,19,1,5
16,18,23,26,28,0,4
16,17,39,39,,0,5
16,18,,18,19,1,2
13,36,,36,37,1,1
18,27,,25,28,1,6
27,,22,22,26,1,5
17,17,,24,25,1,3
14,19,,23,24,0,2
21,19,23,26,28,0,6
16,19,,22,24,0,4
18,22,22,33,23,1,5
16,17,,23,24,1,1
18,,,21,25,1,6
16,16,,,20,1,0
20,21,,21,22,0,3
19,21,,21,24,1,2
17,,,21,23,0,1
,,,,,0,0
20,22,,22,23,1,4
,22,,22,23,1,6
20,,,,,1,0
21,18,,22,24,1,3
21,18,,21,24,0,4
18,,,18,19,0,2
19,,,21,22,0,5
24,24,,20,21,1,6
25,,,,,1,6
20,22,,22,23,1,5
20,20,,20,,1,0
16,,,19,21,0,2
18,,,,,0,6
20,20,,24,26,1,3
19,15,,24,,1,5
19,,23,26,26,1,6
24,,,22,23,1,6
15,20,32,,22,1,4
,,,,,0,0
20,20,,20,22,1,5
22,23,,23,24,1,4
16,16,,25,25,0,3
20,20,20,,,0,6
18,24,,,,1,1
,18,20,30,24,1,6
19,23,20,,22,1,6
18,17,,19,27,1,5
16,18,,,23,0,4
,,,,21,1,6
,,,,,1,0
,,,23,25,0,6
17,20,,,,1,0